0000-0002-2050-9985,"Akter, Shahriar","Univ Wollongong, Sydney Business Sch, Sydney, NSW, Australia",25,22
0000-0002-4138-1378,"Miller, Scott","Smithsonian Inst, Natl Museum Nat Hist, Box 37012, Washington, DC 20013 USA",9,26
0000-0003-4019-6389 ,"Su, Chang","Cornell Univ, Weill Cornell Med, Dept Healthcare Policy & Res, Div Hlth Informat, 425 East 61 St, New York, NY 10065 USA",36,71
0000-0002-9269-4526,"Blanes-Vidal, Victoria","Univ Southern Denmark, Maersk Mc Kinney Moller Inst, Campusvej 55, DK-5230 Odense, Denmark",23,44
0000-0003-2613-2696,"Nadimi, Esmaeil","Univ Southern Denmark, Maersk Mc Kinney Moller Inst, Campusvej 55, DK-5230 Odense, Denmark",1,42
0000-0001-8221-013X,"Johnston, Alison","Cornell Univ, Cornell Lab Ornithol, Ithaca, NY 14853 USA",52,21
0000-0002-1876-5963,"Oermann, Eric","Mt Sinai Hlth Syst, Dept Neurosurg, New York, NY USA",89,81
0000-0002-0426-3241,"Pouratian, Nader","Univ Calif Los Angeles, Med Ctr, Dept Neurosurg, Los Angeles, CA 90024 USA",10,44
0000-0002-2161-4883,"Dremel, Christian","Univ St Gallen, Inst Informat Management, St Gallen, Switzerland",40,76
0000-0001-6926-0941,"Ackerman, Jeanelle","Broad Inst MIT & Harvard, Cambridge, MA 02142 USA",19,62
0000-0002-1277-4631,"Caicedo, Juan C.","Broad Inst MIT & Harvard, Cambridge, MA 02142 USA",5,35
0000-0003-1078-3021,"Li, Hui","Chinese Acad Sci, Purple Mt Observ, Key Lab Dark Matter & Space Astron, Nanjing 210034, Peoples R China",81,3
0000-0002-4730-6985,"Stevens, Craig","NIWA, New Zealand Natl Inst Water & Atmospher Res, Wellington, New Zealand",65,67
0000-0001-7130-1511,"O'Connor, Gabrielle","Univ Auckland, Auckland, New Zealand",39,98
0000-0001-7235-9029 ,"Tuerkova, Alzbeta","Univ Vienna, Dept Pharmaceut Chem, Div Drug Design & Med Chem, Althanstr 14, A-1090 Vienna, Austria",32,34
0000-0002-7058-8765,"Shinaoka, Hiroshi","Saitama Univ, Dept Phys, Sakura Ku, Saitama 3388570, Japan",99,5
0000-0002-8949-4216,"Gonzalez-Aguilera, Diego","Univ Salamanca, Higher Polytech Sch Avila, Dept Cartog & Terrain Engn, Hornos Caleros 50, Avila 05003, Spain",71,45
0000-0002-4810-2001,"Courtenay, Lloyd","Univ Salamanca, Higher Polytech Sch Avila, Dept Cartog & Terrain Engn, Hornos Caleros 50, Avila 05003, Spain",47,74
0000-0003-3737-6565,"Le, Trang","Univ Penn, Inst Biomed Informat, Dept Biostat Epidemiol & Informat, Philadelphia, PA 19104 USA",80,64
0000-0002-3012-1263,"Bernabei, John","Univ Penn, Dept Bioengn, 210 South 33rd St, Philadelphia, PA 19104 USA",60,53
0000-0002-8012-5852,"Chang, Victor","Xian Jiaotong Liverpool Univ, Int Business Sch Suzhou, Suzhou, Peoples R China",4,87
0000-0002-9851-6376,"Li, Xiang","Harvard Med Sch, Boston, MA 02114 USA",42,58
0000-0003-4380-3172,"Chakrabarti, Amlan","Univ Calcutta, AK Choudhury Sch Informat Technol, Kolkata, India",97,8
0000-0003-4128-2588,"Cuomo, Salvatore","Univ Naples Federico II, Dept Math & Applicat Renato Caccioppoli, I-80100 Naples, Italy",47,43
0000-0002-3644-2105 ,"Casolla, Giampaolo","Univ Naples Federico II, Dept Math & Applicat Renato Caccioppoli, I-80100 Naples, Italy",43,92
0000-0003-2521-4091,"Turner, John","Oak Ridge Natl Lab, Oak Ridge, TN 37830 USA",74,64
0000-0002-2769-1775,"Carson, Nessa","Pfizer Worldwide Res & Dev, Discovery Pk, Sandwich CT13 9NJ, Kent, England",98,46
0000-0002-0474-4176 ,"Kotche, Miiri","Univ Illinois, Dept Bioengn, Chicago, IL USA",72,10
0000-0003-2155-3918,"Sgro, Allyson","Boston Univ, Dept Biomed Engn, Boston, MA 02215 USA",56,50
0000-0002-3623-4816,"Edmondson, Jill","Univ Sheffield, Dept Anim & Plant Sci, Sheffield S10 2TN, S Yorkshire, England",32,26
0000-0002-9760-0058,"Ruppert, Nadine","Univ Sains Malaysia, Sch Biol Sci, Primate Res & Conservat Lab, Minden 11800, Penang, Malaysia",40,97
0000-0001-5994-9454,"Bartlett, Thad","Univ Texas San Antonio, Dept Anthropol, San Antonio, TX USA",15,44
0000-0003-2315-0477,"Kenett, Ron","Technion, Samuel Neaman Inst Natl Policy Res, Ctr Ind Excellence, Haifa, Israel",45,98
0000-0002-1765-4524,"Liu, Xiaoquan","Univ Nottingham Ningbo, Nottingham Univ Business Sch China, Ningbo 315100, Peoples R China",64,29
0000-0002-5087-8861,"Cao, Yi","Univ Edinburgh, Business Sch, Management Sci & Business Econ Grp, 29 Buccleuch Pl, Edinburgh EH8 9JS, Midlothian, Scotland",39,23
0000-0002-5791-6736,"Oberhofer, Harald","Tech Univ Munich, Chair Theoret Chem, Lichtenbergstr 4, D-85747 Garching, Germany",27,77
0000-0003-0028-0105,"Todorovic, Milica","Aalto Univ, Dept Appl Phys, POB 11100, FI-00076 Aalto, Finland",97,52
0000-0003-4328-3963,"Bezuidenhout, Louise","Univ Oxford, Inst Sci Innovat & Soc, Oxford, England",22,4
0000-0002-0994-728X,"Quick, Rob","Indiana Univ, High Throughput Comp, Bloomington, IN USA",79,77
0000-0002-6241-3164,"Pearse, William D","Utah State Univ, Ctr Ecol, Logan, UT 84322 USA",47,9
0000-0002-9814-092X,"Falster, Daniel","Univ New South Wales, Evolut & Ecol Res Ctr, Sydney, NSW, Australia",93,50
0000-0003-4651-4798 ,"Vandvik, Vigdis","Univ Bergen, Dept Biol Sci, Bergen, Norway",88,42
0000-0003-4589-2746 ,"Andrew, Samuel","CSIRO, Canberra, ACT, Australia",82,80
0000-0002-4680-8115,"Gallagher, Rachael","Macquarie Univ, Dept Biological Sciences, Sydney, NSW, Australia",13,26
0000-0001-9806-3074,"Hogan, Aaron ","Florida Int Univ, Dept Biol Sci, Int Ctr Trop Bot, Miami, FL 33199 USA",46,55
0000-0002-1022-8469,"Kattge, Jens","Max Planck Inst Biogeochem, Jena, Germany",99,19
0000-0002-9882-2111,"Alroy, John","Macquarie Univ, Dept Biological Sciences, Sydney, NSW, Australia",48,19
0000-0001-7690-4530,"Westoby, Mark","Macquarie Univ, Dept Biological Sciences, Sydney, NSW, Australia",92,13
0000-0001-8338-9143,"Wright, Ian","Macquarie Univ, Dept Biological Sciences, Sydney, NSW, Australia",33,82
0000-0002-6620-807X,"Ankenbrand, Markus","Univ Wurzburg, Dept Bioinformat, BioCtr, Wurzburg, Germany",18,1
0000-0003-1967-7129,"Schneble, Christophe Olivier","Univ Basel, Inst Biomed Eth, Basel, Switzerland",95,37
0000-0002-0791-0731,"Bolibar, Jordi","Univ Grenoble Alpes, CNRS, IRD, G INP,IGE,UMR 5001, Grenoble, France",5,27
0000-0002-4810-2001,"Courtenay, Lloyd","Univ Salamanca, Higher Polytech Sch Avila, Dept Cartog & Terrain Engn, Hornos Caleros 50, Avila 05003, Spain",87,47
0000-0002-0675-4458 ,"Witek, Marcin L","CALTECH, Jet Prop Lab, 4800 Oak Grove Dr, Pasadena, CA 91109 USA",72,74
0000-0002-3048-5518,"Robinson, Mark","Univ Zurich, Inst Mol Life Sci, Zurich, Switzerland",11,96
0000-0002-6170-9780,"Corleone, Giacomo ","Imperial Coll London, Imperial Ctr Translat & Expt Med, Dept Surg & Canc, London, England",41,28
0000-0003-3638-1960 ,"Vallejos, Catalina","Univ Edinburgh, Western Gen Hosp, Inst Genet & Mol Med, MRC Human Genet Unit, Edinburgh, Midlothian, Scotland",34,29
0000-0002-2218-6833,"McCarthy, Davis","St Vincents Inst Med Res, Bioinformat & Cellular Genom, Fitzroy, Vic, Australia",35,12
0000-0002-8818-7193,"Stegle, Oliver ","Univ Duisburg Essen, Univ Hosp Essen, Inst Human Genet, Algorithms Reproducible Bioinformat,Genome Inform, Essen, Germany",34,13
0000-0002-9138-4112,"Laehnemann, David","Univ Duisburg Essen, Univ Hosp Essen, Inst Human Genet, Algorithms Reproducible Bioinformat,Genome Inform, Essen, Germany",15,77
0000-0003-4424-4691,"Zelikovsky, Alexander","Georgia State Univ, Dept Comp Sci, Atlanta, GA 30303 USA",62,61
0000-0002-3976-9701  ,"Molder, Felix","Univ Duisburg Essen, Univ Hosp Essen, Inst Pathol, Essen, Germany",31,93
0000-0001-9281-0454 ,"Kamachi, Takashi","Fukuoka Inst Technol, Dept Life Environm & Mat Sci, Higashi Ku, 3-30-1 Wajiro-Higashi, Fukuoka 8110295, Japan",20,86
0000-0002-6062-5622,"Toyao, Takashi ","Hokkaido Univ, Inst Catalysis, N-21,W-10, Sapporo, Hokkaido 0010021, Japan",8,87
0000-0003-3084-1444,"Nishimura, Shun"," Japan Adv Inst Sci & Technol, Grad Sch Adv Sci & Technol, 1-1 Asahidai, Nomi, Ishikawa 9231292, Japan",91,92
0000-0002-9328-1694,"Takahashi, Keisuke","Hokkaido Univ, Dept Chem, Sapporo, Hokkaido 0608510, Japan",21,94
0000-0002-1533-9790 ,"Miyazato, Itsuki","Hokkaido Univ, Dept Chem, Sapporo, Hokkaido 0608510, Japan",18,20
0000-0001-9922-8889,"Takahashi, Lauren","Hokkaido Univ, Dept Chem, Sapporo, Hokkaido 0608510, Japan",3,45
0000-0003-3509-7642,"roggo, yves","Novartis Pharma AG, Continuous Mfg CM Unit, WSJ 27-4-021-01, CH-4002 Basel, Switzerland",56,55
0000-0001-5890-203X,"Andreassen Devik, Siri","Ctr Care Res Mid Norway, Steinkjer, Norway",17,23
0000-0001-5328-0577,"Nascimento, Susana","Univ Nova Lisboa, Dept Comp Sci, P-2829516 Caparica, Portugal",11,67
0000-0003-3946-0920,"Kamalov, Firuz","Canadian Univ Dubai, Dept Elect Engn, Dubai, U Arab Emirates",82,60
0000-0002-3082-0814,"Alario-Hoyos, Carlos ","Univ Carlos III Madrid, Av Univ 30, Madrid 28911, Spain",18,96
0000-0003-0835-1414,"Moreno-Marcos, Pedro Manuel ","Univ Carlos III Madrid, Av Univ 30, Madrid 28911, Spain",49,56
0000-0001-7244-5947 ,"Ferrer, Alberto","Univ Politecn Valencia, Dept Appl Stat Operat Res & Qual, Multivariate Stat Engn Grp, Valencia, Spain",74,63
0000-0003-4501-4118,"Hachmann, Johannes","SUNY Buffalo, Univ Buffalo, Computat & Data Enabled Sci & Engn Grad Program, Buffalo, NY USA",39,56
0000-0002-0249-6439,"Laa, Ursula ","Monash Univ, Sch Phys & Astron, Clayton, Vic, Australia",28,37
0000-0003-0126-9944,"Nazir, Shah","Univ Swabi, Dept Comp Sci, Khyber Pukhtoonkhwa, Pakistan",22,42
0000-0002-1277-4631,"Caicedo, Juan C.",,86,29
0000-0002-3560-3659,"Poore, Alistair","UNSW Sydney, Sch Biol Earth & Environm Sci, Ecol & Evolut Res Ctr, Sydney, NSW, Australia",36,6
0000-0003-0415-2709 ,"Callaghan, Corey ","UNSW Sydney, Sch Biol Earth & Environm Sci, Ecol & Evolut Res Ctr, Sydney, NSW, Australia",46,4
0000-0001-9278-7442,"yi, yuchan ","Ohio State Univ, Sch Earth Sci, Columbus, OH 43210 USA",8,64
0000-0001-7871-2073,"Hankemeier, Thomas","Leiden Univ, Leiden Acad Ctr Drug Res, Div Syst Biomed & Pharmacol, Leiden, Netherlands",5,99
0000-0002-6817-2859,"Zwep, Laura","Leiden Univ, Leiden Acad Ctr Drug Res, Div Syst Biomed & Pharmacol, Leiden, Netherlands",18,75
0000-0001-9893-4415 ,"Knibbe, Catherijne Annette Jantine","Leiden Univ, Leiden Acad Ctr Drug Res, Div Syst Biomed & Pharmacol, Leiden, Netherlands",96,46
0000-0003-3369-6107 ,"Goulooze, Sebastiaan","Leiden Univ, Leiden Acad Ctr Drug Res, Div Syst Biomed & Pharmacol, Leiden, Netherlands",28,58
0000-0003-0209-7080 ,"Fisher, Nicholas","Univ Sydney, Sch Math & Stat, Sydney, NSW, Australia",13,14
0000-0001-9112-1809,"Steinberg, David","Tel Aviv Univ, Dept Stat & Operat Res, Tel Aviv, Israel",6,9
0000-0003-2074-1765,"de Saint Laurent, Constance","Univ Bologna, Dept Informat Engn, Bologna, Italy",10,10
0000-0002-9509-3523 ,"Hamm, Alyssa","Coll Wooster, Dept Biol, 931 Coll Mall, Wooster, OH 44691 USA",21,80
0000-0002-0879-6600,"Carlson, Brian","Coll Wooster, Dept Biol, 931 Coll Mall, Wooster, OH 44691 USA",80,59
0000-0001-5913-9451,"Ferrigno, Giancarlo","Politecn Milan, DEIB, Piazza Leonardo da Vinci 32, I-20133 Milan, MI, Italy",69,6
0000-0001-8221-013X,"Johnston, Alison","Cornell Univ, Cornell Lab Ornithol, 159 Sapsucker Woods Rd, Ithaca, NY 14850 USA",67,3
0000-0003-4048-9552,"Secchi, Piercesare","Politecn Milan, MOX Dipartimento Matemat, Milan, Italy",32,51
0000-0003-4216-6378,"Ventura, Sebastian","Univ Cordoba, Comp Sci & Numer Anal, Andalucia, Spain",31,41
0000-0003-4180-4948,"Romero Morales, Cristobal","Univ Cordoba, Comp Sci & Numer Anal, Andalucia, Spain",72,27
0000-0001-7477-1666,"Mohamed, Ehab","German Univ Cairo, Fac Management Technol, Cairo, Egypt",70,94
0000-0003-0190-7301 ,"Guan, Peng","China Med Univ, Sch Publ Hlth, Dept Epidmiol, Shenyang 110122, Peoples R China",37,91
0000-0002-9627-9557 ,"Ezzati, Hamed ","Neyshabur Univ Med Sci, Noncommunicable Dis Res Ctr, Neyshabur, Iran",43,91
0000-0001-6605-822X,"Ashrafizadeh, Milad ","Univ Tabriz, Fac Vet Med, Dept Basic Sci, Tabriz, Iran",94,36
0000-0002-9579-8339,"farkhondeh, tahereh","Birjand Univ Med Sci, Cardiovasc Dis Res Ctr, Birjand, Iran",31,11
0000-0001-5461-9579,"Samarghandian, Saeed","Neyshabur Univ Med Sci, Noncommunicable Dis Res Ctr, Neyshabur, Iran",8,16
0000-0003-2513-3953,"Ahmadi, Zahra ","Shushtar Univ, Vet Med Fac, Dept Basic Sci, Khuzestan, Iran",83,96
0000-0003-3653-5771,"Avtar, Ram","Hokkaido Univ, Fac Environm Earth Sci, Sapporo, Hokkaido 0600810, Japan",33,83
0000-0003-1435-3598,"TOMASELLO, Francesco","Univ Messina, Dept Neurosurg, Messina, Italy",30,95
0000-0002-3257-7029,"Bassi, Francesca","Univ Padua, Dept Stat Sci, Via C Battisti 241, I-35121 Padua, Italy",99,39
0000-0003-1898-723X,"Rinke, Patrick",,3,60
0000-0001-9737-3724,"O'Hara, Bob","Norwegian Univ Sci & Technol, Dept Math Sci, Ctr Biodivers Dynam, N-7491 Trondheim, Norway",76,16
0000-0002-4869-8052,"Isaac, Nick ","Ctr Ecol & Hydrol, Benson Lane, Wallingford OX10 8BB, Oxon, England",45,23
0000-0001-5382-5135 ,"Jarvis, Susan","Ctr Ecol & Hydrol, Lancaster LA1 4AP, England.",78,57
0000-0003-3064-7553,"Schmucki, Reto","Ctr Ecol & Hydrol, Benson Lane, Wallingford OX10 8BB, Oxon, England",22,99
0000-0002-7166-4176,"Dambly, Lea Irene ","Ctr Ecol & Hydrol, Benson Lane, Wallingford OX10 8BB, Oxon, England",88,14
0000-0002-3348-6153,"Simmonds, Emily G.","Norwegian Univ Sci & Technol, Dept Math Sci, Ctr Biodivers Dynam, N-7491 Trondheim, Norway",19,47
0000-0001-6723-6833,"Boersch-Supan, Philipp","British Trust Ornithol, Thetford IP24 2PU, England",28,90
0000-0002-4817-1920,"Pagel, Jorn","Univ Hohenheim, Inst Landscape & Plant Ecol, D-70599 Stuttgart, Germany",52,4
0000-0002-4870-1493  ,"Zhang, Yudong","Univ Leicester, Dept Informat, Leicester LE1 7RH, Leics, England",20,42
0000-0003-1828-9116,"Redford, Sophie","Paul Scherrer Inst, Forsch Str 111, CH-5232 Villigen, Switzerland",10,2
0000-0002-5818-6958 ,"Lotsch, Jorn","Goethe Univ, Inst Clin Pharmacol, Theodor Stern Kai 7, D-60590 Frankfurt, Germany",59,50
0000-0002-5443-0503,"Shen, Li","Univ Penn, Perelman Sch Med, Dept Biostat Epidemiol & Informat, Philadelphia, PA 19104 USA",80,68
0000-0001-6644-1317,"Siewerdsen, Jeffrey","Johns Hopkins Univ, Dept Biomed Engn, Baltimore, MD 21218 USA",90,35
0000-0002-2247-3082,"kotsiantis, sotiris","Univ Patras, Dept Math, Rion 26504, Greece",76,59
0000-0003-1794-0456,"Vercauteren, Tom","Kings Coll London, Sch Biomed Engn & Imaging Sci, London WC2R 2LS, England",81,42
0000-0001-5650-2294,"Volodko, Ad","UCL, Dept Secur & Crime Sci, 35 Tavistock Sq, London WC1H 9EZ, England",57,10
0000-0002-4105-9629,"Bevan, Adrian","Queen Mary Univ London, Particle Phys Res Ctr, London E1 4NS, England",57,93
0000-0002-6508-3535 ,"Uzzo, Stephen","New York Hall Sci, Corona, NY 11368 USA",75,54
0000-0003-1173-6817,"Liu, ChangChia","New York Hall Sci, Corona, NY 11368 USA",5,55
0000-0002-1218-8755,"McMillan Culp, Katherine","New York Hall Sci, Corona, NY 11368 USA",15,32
0000-0003-1945-526X,"Gergely, Szilveszter","Budapest Univ Technol & Econ, Dept Appl Biotechnol & Food Sci, Budapest, Hungary",98,5
0000-0002-4518-2915,"Hanzelik, Pal Peter ","MOL Grp Plc, MOL E&P Lab, Budapest, Hungary.",95,3
0000-0002-3560-3659,"Poore, Alistair","UNSW Sydney, Sch Biol Earth & Environm Sci, Evolut & Ecol Res Ctr, Sydney, NSW, Australia",29,19
0000-0003-0415-2709,"Callaghan, Corey","UNSW Sydney, Sch Biol Earth & Environm Sci, Ctr Ecosys Sci, Sydney, NSW, Australia",66,54
0000-0001-9513-2783 ,"Polman, Joseph L","Univ Colorado, Sch Educ, Boulder, CO 80309 USA",32,77
0000-0001-8250-068X,"Wilkerson, Michelle ","Univ Calif Berkeley, Grad Sch Educ, 2121 Berkeley Way West,Off 4413, Berkeley, CA 94704 USA",47,27
0000-0002-5291-0167 ,"Huang, Silu ","Microsoft Res, Redmond, WA 98052 USA",67,45
0000-0001-6579-6941  ,"Perez-Riverol, Yasset","EBI, EMBL, Wellcome Trust Genome Campus, Cambridge CB10 1SD, England",23,7
0000-0002-9856-1679,"Moreno, Pablo","EBI, EMBL, Wellcome Trust Genome Campus, Cambridge CB10 1SD, England",10,19
0000-0001-6992-5587  ,"Roggeveen, Luca","OLVG Oost, Intens Care Unit, Oosterpk 9, NL-1091 AC Amsterdam, Netherlands",81,68
0000-0002-7499-076X,"de Grooth, Harm-Jan","OLVG Oost, Intens Care Unit, Oosterpk 9, NL-1091 AC Amsterdam, Netherlands",59,75
0000-0003-0745-5641,"Emmert-Streib, Frank","Tampere Univ, Fac Informat Technol & Commun Sci, Predict Soc & Data Analyt Lab, Tampere, Finland.",19,6
0000-0002-6807-0318 ,"McCue, Molly ","Univ Minnesota, Coll Vet Med, Dept Vet Populat Med, St Paul, MN 55108 USA",3,15
0000-0001-8675-3473,"Murdoch, Brenda M","Univ Idaho, Dept Anim & Vet Sci, Moscow, ID 83843 USA",69,96
0000-0002-6460-024,"Tang, Chunlei","Brigham & Womens Hosp, Div Gen Internal Med & Primary Care, 75 Francis St, Boston, MA 02115 USA",74,20
0000-0002-4298-3178,"Lukaszewski, Marceli","Wroclaw Med Univ, Dept Anaesthesiol & Intens Therapy, Borowska 213, PL-50556 Wroclaw, Poland",75,35
0000-0002-2768-7362,"Kosiorowska, Kinga","Wroclaw Med Univ, Dept & Clin Cardiac Surg, Wroclaw, Poland",3,76
0000-0002-6303-1037,"Xantheas, Sotiris","Pacific Northwest Natl Lab, Adv Comp Math & Data Div, 902 Battelle Blvd,POB 999,MS K1-83, Richland, WA 99352 USA",74,45
0000-0003-0404-6877,"Agarwal, Divyansh","Univ Penn, Wharton Sch, Dept Stat, Philadelphia, PA 19104 USA",82,52
0000-0001-5921-1070,"Dunbar, Stephen","ProTECTOR Inc, Protect Turtle Ecol Ctr Training Outreach & Res I, Loma Linda, CA 92350 USA",68,77
0000-0003-2015-099X,"Doxey, Andrew","Univ Waterloo, Dept Biol, Waterloo, ON N2L 3G1, Canada",78,58
0000-0002-2906-1769,"Dietrich, Felix","Johns Hopkins Univ, Dept Appl Math & Stat, Baltimore, MD 21211 USA",62,5
0000-0003-4842-0613,"Mosavi, Amir","Bauhaus Univ Weimar, Inst Struct Mech, D-99423 Weimar, Germany",67,97
0000-0002-2423-5475,"Vlahogianni, Eleni ","Natl Tech Univ Athens, Dept Transportat Planning & Engn, Sch Civil Engn, GR-15773 Athens, Greece",77,64
0000-0002-7002-7300,"Kim, Hun-Sung","Catholic Univ Korea, Dept Med Informat, Coll Med, 222 Banpo Daero, Seoul 06591, South Korea",83,59
0000-0002-7263-0234,"Kurban, Mustafa","Kirsehir Ahi Evran Univ, Dept Elect & Automat, TR-40100 Kirsehir, Turkey",59,31
0000-0002-5637-009X ,"Dieterle, Neal","Tufts Univ, Cummings Sch Vet Med, Boston, MA 02111 USA",48,52
0000-0001-6007-6144,"Gardner, Heather","Tufts Univ, Sackler Sch Grad Biomed Sci, Boston, MA 02111 USA",44,93
0000-0002-3434-9062,"Kwong, Manlik ","Tufts Med Ctr, 800 Washington St, Boston, MA 02111 USA",10,7
0000-0002-7869-6365,"PERRI, ENRICO","Univ Milan, Dept Biomed Sci Hlth, I-20122 Milan, Italy",35,73
0000-0002-5818-6958,"Lotsch, Jorn","Fraunhofer Inst Mol Biol & Appl Ecol, Project Grp Translat Med & Pharmacol IME TMP, Frankfurt, Germany",25,3
0000-0002-8053-9983,"Pentland, Alex","MIT, Media Lab, Cambridge, MA 02139 USA",5,4
0000-0002-8509-0839 ,"Morales, Alfredo J.","MIT, Media Lab, Cambridge, MA 02139 USA",69,43
0000-0002-1437-6688,"Wu, Patrick","Vanderbilt Univ, Med Scientist Training Program, Sch Med, Nashville, TN 37203 USA",51,78
0000-0003-2999-9818,"Li, Xin","Chinese Acad Sci, Inst Tibetan Plateau Res, Natl Tibetan Plateau Data Ctr, Beijing 100101, Peoples R China",82,26
0000-0001-6848-7271,"Che, Tao","Chinese Acad Sci, Inst Tibetan Plateau Res, Natl Tibetan Plateau Data Ctr, Beijing 100101, Peoples R China",58,84
0000-0001-8943-5681,"Charles, Vincent","Univ Buckingham, Buckingham Business Sch, Buckingham MK18 1EG, England",44,66
0000-0001-7383-3810,"Chung, Joaquin","Georgia Inst Technol, Sch Elect & Comp Engn, Atlanta, GA 30332 USA",8,77
